team_id,start_game_id,coach_name,start_syear,end_syear,n_games,pace,rush_share_for,cycle_share_for,forecheck_share_for,point_shot_share_for,rush_share_against,cycle_share_against,loc_inner_against,loc_outer_against,loc_point_against,forecheck_pressure_per60,top6_fwd_toi_share,zone_start_polarization,pk_loc_inner_against,pk_loc_outer_against,pk_loc_point_against
1,2010020007,John MacLean,2010,2010,33,102.582369,0.04644,0.136223,0.024768,0.119195,0.074135,0.172982,0.29654,0.532125,0.171334,5.146229,0.576221,0.05856,0.373874,0.432432,0.193694
1,2010020508,Jacques Lemaire,2010,2010,49,89.204615,0.057116,0.144195,0.036517,0.159176,0.05919,0.13811,0.317757,0.510903,0.17134,5.897948,0.553136,0.044239,0.370558,0.375635,0.253807
1,2011020012,Peter DeBoer,2011,2014,248,93.512116,0.052705,0.149215,0.035428,0.129494,0.051184,0.146486,0.329068,0.503056,0.167876,6.317665,0.428807,0.059528,0.37919,0.449022,0.171788
1,2014020517,Lou Lamoriello,2014,2014,3,89.823645,0.05,0.166667,0.016667,0.133333,0.053333,0.12,0.306667,0.52,0.173333,3.801924,0.608978,0.024355,0.380952,0.52381,0.095238
1,2014020559,Scott Stevens/Adam Oates,2014,2014,43,94.827476,0.066975,0.144342,0.038106,0.13164,0.054271,0.134673,0.328643,0.521608,0.149749,5.508431,0.540481,0.080259,0.360595,0.464684,0.174721
1,2015020012,John Hynes,2015,2019,354,104.742002,0.051289,0.160848,0.032246,0.111591,0.051068,0.1498,0.308054,0.509744,0.182202,6.290266,0.38354,0.099869,0.370274,0.491091,0.138635
1,2019020427,Alain Nasreddine,2019,2019,43,118.186662,0.044074,0.173359,0.045054,0.134182,0.036778,0.145359,0.380911,0.462347,0.156743,7.303362,0.50879,0.073782,0.369004,0.490775,0.140221
1,2020020007,Lindy Ruff,2020,2023,281,115.018276,0.048362,0.156615,0.041473,0.102629,0.047901,0.157156,0.332348,0.498965,0.168687,7.158375,0.452648,0.083042,0.387964,0.473111,0.138924
1,2023020982,Travis Green,2023,2023,21,115.849989,0.080169,0.14557,0.044304,0.07384,0.05914,0.123656,0.292115,0.539427,0.168459,5.097988,0.59671,0.067674,0.48951,0.363636,0.146853
1,2024020001,Sheldon Keefe,2024,2025,164,115.715431,0.06084,0.110092,0.053839,0.111057,0.058403,0.121908,0.333078,0.48406,0.182862,9.80455,0.532976,0.072744,0.397528,0.446962,0.15551
2,2010020015,Scott Gordon,2010,2010,17,111.654042,0.041451,0.165803,0.046632,0.129534,0.058036,0.140625,0.3125,0.513393,0.174107,8.645266,0.539328,0.091819,0.312,0.432,0.256
2,2010020257,Jack Capuano,2010,2016,483,113.7903,0.057766,0.163371,0.03594,0.118405,0.052422,0.159785,0.369961,0.481144,0.148895,7.892964,0.447416,0.065106,0.37976,0.45157,0.168671
2,2016020677,Doug Weight,2016,2017,122,117.959042,0.039552,0.171509,0.044102,0.140707,0.035817,0.165334,0.369364,0.454429,0.176207,8.222307,0.51137,0.068444,0.333744,0.471675,0.194581
2,2018020008,Barry Trotz,2018,2021,288,110.438802,0.039947,0.181014,0.050118,0.130601,0.042282,0.169128,0.34255,0.473423,0.184027,9.297297,0.508516,0.068523,0.361438,0.49225,0.146311
2,2022020014,Lane Lambert,2022,2023,127,121.288111,0.060772,0.161045,0.048617,0.131571,0.057019,0.137192,0.334877,0.504197,0.160926,7.969206,0.484085,0.135169,0.412334,0.466747,0.120919
2,2023020721,Patrick Roy,2023,2025,197,118.112163,0.050482,0.137903,0.044121,0.117176,0.050592,0.13411,0.339892,0.494479,0.165629,9.193822,0.487485,0.06688,0.412295,0.495902,0.091803
2,2025021252,Peter DeBoer,2025,2025,4,106.869882,0.025862,0.103448,0.034483,0.103448,0.035294,0.117647,0.352941,0.494118,0.152941,7.500679,0.53874,0.075612,0.434783,0.478261,0.086957
3,2010020013,John Tortorella,2010,2012,212,108.887663,0.046731,0.179038,0.040385,0.066731,0.047352,0.169944,0.357745,0.500602,0.141653,7.251343,0.484019,0.096004,0.36,0.47,0.17
3,2013020013,Alain Vigneault,2013,2017,410,111.428018,0.043984,0.160102,0.04633,0.094126,0.040365,0.170117,0.356511,0.491155,0.152333,8.2034,0.442107,0.122377,0.388635,0.468685,0.142679
3,2018020006,David Quinn,2018,2020,208,112.114399,0.040176,0.162796,0.046662,0.110693,0.04317,0.169314,0.348346,0.487199,0.164455,8.618424,0.489637,0.054612,0.385464,0.443868,0.170668
3,2021020004,Gerard Gallant,2021,2022,164,108.480691,0.05348,0.155834,0.043756,0.087257,0.051282,0.148962,0.367766,0.505739,0.126496,7.479971,0.512949,0.059187,0.417683,0.422764,0.159553
3,2023020010,Peter Laviolette,2023,2024,164,120.078351,0.070565,0.107575,0.037997,0.112263,0.067723,0.118636,0.322046,0.527858,0.150096,8.126986,0.552071,0.134907,0.418812,0.457426,0.123762
3,2025020002,Mike Sullivan,2025,2025,82,112.898861,0.048056,0.140929,0.053456,0.12959,0.040275,0.131631,0.3222,0.513261,0.164538,10.155295,0.510276,0.079387,0.437186,0.437186,0.125628
4,2010020002,Peter Laviolette,2010,2013,215,113.204378,0.043568,0.163173,0.041513,0.122277,0.048584,0.158569,0.33037,0.49969,0.16994,7.367878,0.430259,0.086873,0.356456,0.438874,0.20467
4,2013020039,Craig Berube,2013,2014,161,111.459071,0.047606,0.169149,0.035106,0.131117,0.057565,0.157667,0.312532,0.509679,0.177789,7.529437,0.565314,0.063406,0.308851,0.487759,0.20339
4,2015020007,Dave Hakstol,2015,2018,277,113.115397,0.044617,0.154577,0.043754,0.149539,0.047932,0.148425,0.321189,0.511871,0.16694,8.425037,0.497323,0.060971,0.34,0.48125,0.17875
4,2018020520,Scott Gordon,2018,2018,51,118.891367,0.040541,0.139358,0.039696,0.130912,0.047333,0.144252,0.313298,0.528926,0.157776,8.134693,0.569174,0.061651,0.333333,0.580645,0.086022
4,2019020016,Alain Vigneault,2019,2021,148,109.390971,0.041739,0.156232,0.055072,0.126087,0.039729,0.160683,0.330783,0.480871,0.188346,8.915221,0.504139,0.069478,0.344099,0.484472,0.171429
4,2021020383,Mike Yeo,2021,2021,59,113.798759,0.05132,0.129765,0.052786,0.105572,0.041457,0.159548,0.334799,0.46294,0.202261,7.809247,0.47283,0.099851,0.333333,0.526611,0.140056
4,2022020012,John Tortorella,2022,2024,237,117.862448,0.059185,0.132069,0.048999,0.107482,0.062511,0.124841,0.322885,0.518935,0.158181,8.672209,0.485454,0.07803,0.413182,0.48618,0.100638
4,2024021146,Brad Shaw,2024,2024,9,112.286689,0.057522,0.066372,0.030973,0.097345,0.06746,0.071429,0.333333,0.547619,0.119048,7.63677,0.563569,0.060574,0.363636,0.606061,0.030303
4,2025020012,Rick Tocchet,2025,2025,82,104.576315,0.049043,0.139354,0.05323,0.119019,0.053949,0.134594,0.324805,0.517241,0.157953,9.392578,0.536297,0.085958,0.408644,0.489194,0.102161
5,2010020002,Dan Bylsma,2010,2013,294,110.114567,0.044819,0.161148,0.023837,0.12632,0.041647,0.172627,0.331785,0.48026,0.187955,5.234479,0.443011,0.094809,0.337689,0.475693,0.186618
5,2014020007,Mike Johnston,2014,2015,110,108.881523,0.047362,0.153254,0.024644,0.109742,0.054146,0.168359,0.318105,0.509306,0.172589,5.772414,0.486689,0.073959,0.350679,0.479638,0.169683
5,2015020449,Mike Sullivan,2015,2024,753,116.329008,0.049268,0.157253,0.039404,0.117797,0.049181,0.156592,0.339162,0.496309,0.16453,7.539221,0.396462,0.134322,0.335433,0.504454,0.160113
5,2025020002,Dan Muse,2025,2025,82,116.552708,0.048362,0.138326,0.041602,0.104004,0.050325,0.129329,0.359307,0.491883,0.14881,10.417602,0.481901,0.166042,0.397032,0.504638,0.09833
6,2010020012,Claude Julien,2010,2016,512,112.178023,0.057256,0.15897,0.0363,0.147519,0.053523,0.156986,0.319104,0.509898,0.170998,7.341336,0.431682,0.065631,0.36095,0.455681,0.183369
6,2016020802,Bruce Cassidy,2016,2021,399,109.730672,0.050585,0.163269,0.042563,0.126463,0.051508,0.174994,0.334471,0.490975,0.174554,8.349896,0.439957,0.118451,0.332934,0.482236,0.18483
6,2022020005,Jim Montgomery,2022,2024,184,115.257414,0.062955,0.156591,0.039318,0.093864,0.06324,0.151732,0.328045,0.508603,0.163352,7.624631,0.51374,0.145598,0.382831,0.483372,0.133797
6,2024020306,Joe Sacco,2024,2024,62,114.590223,0.085476,0.086866,0.04934,0.130646,0.084361,0.101233,0.296561,0.528877,0.174562,10.276739,0.515308,0.165256,0.372093,0.537791,0.090116
6,2025020005,Marco Sturm,2025,2025,82,117.580427,0.047763,0.126194,0.054801,0.108095,0.04778,0.133687,0.336873,0.484073,0.179054,8.698854,0.516796,0.085756,0.428125,0.478125,0.09375
7,2010020010,Lindy Ruff,2010,2012,181,110.567734,0.045352,0.154468,0.029187,0.122137,0.053429,0.155959,0.342851,0.477828,0.179321,7.244612,0.46039,0.057576,0.339172,0.425955,0.234873
7,2012020237,Ron Rolston,2012,2013,51,107.316801,0.057769,0.149402,0.030876,0.110558,0.053259,0.167484,0.34548,0.479327,0.175193,6.268527,0.523375,0.054064,0.41791,0.370647,0.211443
7,2013020284,Ted Nolan,2013,2014,144,109.387301,0.046287,0.155095,0.029361,0.117098,0.04838,0.147722,0.344058,0.471818,0.184124,4.844535,0.458842,0.071545,0.353905,0.454195,0.1919
7,2015020006,Dan Bylsma,2015,2016,164,108.927671,0.05086,0.147174,0.030958,0.131941,0.050624,0.158118,0.318243,0.462533,0.219224,6.352554,0.528404,0.059688,0.331858,0.476991,0.19115
7,2017020006,Phil Housley,2017,2018,164,111.045296,0.032227,0.15625,0.04248,0.135498,0.032059,0.16785,0.333639,0.479963,0.186398,7.90049,0.482617,0.115266,0.343968,0.461615,0.194417
7,2019020007,Ralph Krueger,2019,2020,98,103.563776,0.041471,0.152202,0.035058,0.137666,0.037704,0.149141,0.349393,0.4646,0.186008,6.406926,0.478969,0.071511,0.382246,0.458333,0.15942
7,2020020468,Don Granato,2020,2023,273,109.95079,0.050758,0.138547,0.039904,0.116999,0.04375,0.161607,0.351488,0.485863,0.162649,6.12598,0.453491,0.084685,0.379421,0.477492,0.143087
7,2024020001,Lindy Ruff,2024,2025,164,115.313974,0.050749,0.120782,0.04542,0.112408,0.063163,0.116473,0.317585,0.513391,0.169025,9.988459,0.517936,0.090759,0.402632,0.460526,0.136842
8,2010020001,Jacques Martin,2010,2011,114,114.321939,0.040572,0.15881,0.036321,0.115147,0.049174,0.151552,0.343813,0.490931,0.165256,8.639347,0.522317,0.047333,0.365079,0.445578,0.189342
8,2011020468,Randy Cunneyworth,2011,2011,50,111.221083,0.052156,0.149448,0.044132,0.127382,0.047276,0.157051,0.306891,0.500801,0.192308,9.148175,0.570255,0.071483,0.38,0.416667,0.203333
8,2012020005,Michel Therrien,2012,2016,352,112.619074,0.051024,0.152713,0.048149,0.114625,0.051017,0.151954,0.327773,0.508949,0.163278,10.462037,0.491786,0.086381,0.366419,0.463489,0.170092
8,2016020859,Claude Julien,2016,2020,277,118.987895,0.047196,0.160145,0.057281,0.133387,0.047171,0.163703,0.328876,0.491256,0.179868,12.385749,0.429848,0.068055,0.33315,0.50933,0.157519
8,2020020319,Dominique Ducharme,2020,2021,76,109.877018,0.046119,0.140045,0.07649,0.116985,0.0451,0.183185,0.362472,0.462138,0.17539,12.370034,0.446412,0.071058,0.333333,0.547619,0.119048
8,2021020587,Martin St. Louis,2021,2021,5,118.003565,0.053571,0.169643,0.125,0.098214,0.06383,0.141844,0.390071,0.460993,0.148936,16.520548,0.538957,0.142605,0.466667,0.4,0.133333
8,2021020655,Dominique Ducharme,2021,2021,10,116.976912,0.038217,0.159236,0.063694,0.10828,0.047826,0.195652,0.343478,0.478261,0.178261,10.569731,0.551431,0.091428,0.3,0.577778,0.122222
8,2021020796,Martin St. Louis,2021,2025,357,115.905164,0.05815,0.131864,0.051799,0.112564,0.060217,0.124791,0.353033,0.491118,0.155849,10.235505,0.483799,0.087874,0.398741,0.506109,0.09515
9,2010020010,Cory Clouston,2010,2010,82,106.993496,0.040838,0.168726,0.042988,0.117679,0.054477,0.147249,0.31068,0.503236,0.186084,9.493565,0.45982,0.065661,0.37366,0.430322,0.196018
9,2011020005,Paul MacLean,2011,2014,239,116.82258,0.046735,0.160477,0.037759,0.121015,0.047384,0.165284,0.315412,0.493618,0.19097,7.983726,0.477982,0.062089,0.352717,0.44837,0.198913
9,2014020425,Dave Cameron,2014,2015,137,112.245092,0.051635,0.15582,0.049496,0.120073,0.042506,0.162752,0.305649,0.511465,0.182886,9.415177,0.528992,0.076433,0.319337,0.512707,0.167956
9,2016020001,Guy Boucher,2016,2018,228,117.637775,0.045587,0.160552,0.04704,0.122412,0.044779,0.167713,0.314937,0.489921,0.195142,8.795348,0.466616,0.069209,0.33128,0.493498,0.175222
9,2018021004,Marc Crawford,2018,2018,18,116.207744,0.041344,0.173127,0.069767,0.116279,0.060538,0.165919,0.318386,0.459641,0.221973,9.475428,0.511678,0.076894,0.292135,0.606742,0.101124
9,2019020001,D.J. Smith,2019,2023,317,116.299087,0.056011,0.16051,0.055608,0.114171,0.049935,0.162225,0.347219,0.477361,0.17542,8.871997,0.4063,0.121353,0.364283,0.521102,0.114616
9,2023020493,Jacques Martin,2023,2023,56,121.075858,0.079425,0.139939,0.053707,0.118759,0.064725,0.145631,0.322816,0.538026,0.139159,8.499806,0.562643,0.057888,0.405488,0.503049,0.091463
9,2024020013,Travis Green,2024,2025,164,113.804557,0.058778,0.116783,0.045373,0.127095,0.067636,0.115148,0.316937,0.520682,0.162381,11.025577,0.530998,0.108188,0.40413,0.496559,0.099312
10,2010020001,Ron Wilson,2010,2011,146,117.943771,0.059465,0.166563,0.045766,0.103362,0.0467,0.190716,0.328579,0.496365,0.175056,9.526899,0.540405,0.04924,0.352495,0.488069,0.159436
10,2011020966,Randy Carlyle,2011,2014,188,114.856144,0.052632,0.175947,0.037885,0.112891,0.061743,0.18542,0.324101,0.482016,0.193883,8.55686,0.498762,0.091199,0.34403,0.459701,0.196269
10,2014020594,Peter Horachek,2014,2014,42,113.570722,0.036364,0.194318,0.047727,0.109091,0.067134,0.171343,0.342685,0.506012,0.151303,9.552219,0.536328,0.073378,0.356436,0.442244,0.20132
10,2015020001,Mike Babcock,2015,2019,351,119.780705,0.053802,0.183526,0.049355,0.116163,0.049173,0.178742,0.331701,0.473999,0.194299,10.82805,0.416091,0.118417,0.351827,0.461471,0.186702
10,2019020343,Sheldon Keefe,2019,2023,349,114.058397,0.052096,0.162165,0.052209,0.08905,0.053134,0.175625,0.339732,0.482413,0.177855,10.617411,0.501049,0.107294,0.336511,0.502383,0.161106
10,2024020006,Craig Berube,2024,2025,164,116.121848,0.057403,0.109979,0.04265,0.11427,0.05837,0.123745,0.314032,0.523465,0.162503,9.935335,0.505462,0.124979,0.373009,0.536463,0.090528
11,2010020011,Craig Ramsay,2010,2010,82,114.002,0.054555,0.172172,0.029029,0.128629,0.043692,0.16053,0.332842,0.500245,0.166912,7.053532,0.5182,0.06658,0.393502,0.454874,0.151625
12,2010020003,Paul Maurice,2010,2011,107,120.073445,0.042903,0.152767,0.038091,0.111067,0.048522,0.163809,0.335279,0.514776,0.149945,7.249374,0.564696,0.044311,0.374687,0.408521,0.216792
12,2011020348,Kirk Muller,2011,2013,187,118.610134,0.045133,0.153494,0.045549,0.121048,0.044809,0.159297,0.343071,0.48184,0.175089,8.414268,0.479545,0.101384,0.339721,0.412892,0.247387
12,2014020017,Bill Peters,2014,2017,328,110.661282,0.047421,0.152061,0.041,0.126492,0.036453,0.159769,0.337344,0.493503,0.169153,8.65674,0.440756,0.080106,0.35167,0.443353,0.204977
12,2018020008,Rod Brind'Amour,2018,2025,616,115.669107,0.050614,0.147576,0.049173,0.125901,0.048258,0.130049,0.361702,0.493833,0.144465,10.373619,0.444986,0.054405,0.42128,0.436275,0.142445
13,2010020026,Peter DeBoer,2010,2010,82,111.787643,0.048732,0.163103,0.021382,0.11089,0.040639,0.174165,0.305273,0.53314,0.161587,6.039831,0.497038,0.052248,0.380417,0.434992,0.184591
13,2011020014,Kevin Dineen,2011,2013,146,105.43162,0.042874,0.14725,0.031342,0.11916,0.035393,0.176365,0.315237,0.522196,0.162567,6.029368,0.473483,0.071932,0.338889,0.446667,0.214444
13,2013020246,Peter Horachek,2013,2013,66,105.640984,0.041172,0.140963,0.032798,0.091417,0.043603,0.152966,0.327377,0.518942,0.153681,6.40549,0.516182,0.03631,0.357602,0.447537,0.194861
13,2014020010,Gerard Gallant,2014,2016,186,103.637772,0.066577,0.15812,0.035987,0.111786,0.061396,0.15768,0.30947,0.502039,0.188491,6.682787,0.446139,0.053037,0.336402,0.479498,0.1841
13,2016020336,Tom Rowe,2016,2016,60,110.14942,0.045425,0.168906,0.038388,0.112604,0.051381,0.152216,0.328195,0.502248,0.169557,7.497104,0.538767,0.085561,0.322997,0.50646,0.170543
13,2017020014,Bob Boughner,2017,2018,164,114.547337,0.039864,0.162854,0.040997,0.103284,0.038704,0.165073,0.329447,0.501982,0.168571,8.915716,0.500149,0.052373,0.348425,0.50689,0.144685
13,2019020005,Joel Quenneville,2019,2021,132,110.241352,0.037231,0.159692,0.038769,0.118769,0.040885,0.162869,0.328753,0.508378,0.162869,8.450034,0.455774,0.131188,0.312785,0.531963,0.155251
13,2021020111,Andrew Brunette,2021,2021,75,117.182524,0.053186,0.168088,0.044656,0.090818,0.052698,0.156838,0.380176,0.492472,0.127353,9.72591,0.491779,0.085396,0.331942,0.557411,0.110647
13,2022020014,Paul Maurice,2022,2025,328,118.382362,0.057153,0.150988,0.051118,0.117619,0.05433,0.145561,0.337282,0.48189,0.180828,9.352952,0.502484,0.055286,0.390018,0.478743,0.131238
14,2010020018,Guy Boucher,2010,2012,196,108.490573,0.052656,0.169334,0.02946,0.11691,0.047952,0.157588,0.343343,0.473696,0.182961,6.697924,0.526981,0.110999,0.388158,0.38231,0.229532
14,2012020502,Jon Cooper,2012,2025,1042,110.927821,0.044728,0.158789,0.032424,0.127555,0.050785,0.147682,0.340464,0.487304,0.172232,7.442548,0.392201,0.076542,0.360604,0.469498,0.169897
15,2010020011,Bruce Boudreau,2010,2011,104,112.629153,0.044521,0.166286,0.049467,0.126332,0.03793,0.161596,0.342157,0.499407,0.158435,9.252691,0.540012,0.059704,0.386059,0.41555,0.198391
15,2011020347,Dale Hunter,2011,2011,60,110.011523,0.0484,0.146842,0.038556,0.130435,0.051282,0.165913,0.325792,0.493213,0.180995,8.071749,0.545259,0.040452,0.320312,0.458333,0.221354
15,2012020007,Adam Oates,2012,2013,129,110.097713,0.045247,0.160996,0.043494,0.136093,0.051757,0.148055,0.33877,0.488708,0.172522,8.81188,0.53344,0.050836,0.333021,0.476548,0.190432
15,2014020008,Barry Trotz,2014,2017,328,111.517415,0.043462,0.155885,0.046728,0.123477,0.047077,0.157175,0.36206,0.456973,0.180967,9.405194,0.495192,0.074841,0.370581,0.460498,0.168922
15,2018020002,Todd Reirden,2018,2019,151,116.260258,0.047823,0.16404,0.045418,0.116217,0.052533,0.152506,0.379255,0.436076,0.184669,9.689587,0.54151,0.043246,0.375,0.450212,0.174788
15,2020020006,Peter Laviolette,2020,2022,220,111.95995,0.042766,0.156933,0.046157,0.10324,0.043603,0.153567,0.352266,0.483649,0.164085,7.53541,0.452281,0.138859,0.408163,0.44898,0.142857
15,2023020018,Spencer Carbery,2023,2025,246,116.877889,0.060421,0.114392,0.051086,0.127631,0.062355,0.118756,0.321866,0.50397,0.174165,9.148888,0.49989,0.144858,0.327273,0.555114,0.117614
16,2010020004,Joel Quenneville,2010,2018,637,110.237034,0.046819,0.155463,0.037083,0.117388,0.04725,0.160421,0.345713,0.509504,0.144783,8.158341,0.413091,0.116069,0.334009,0.475672,0.190319
16,2018020233,Jeremy Colliton,2018,2021,205,113.966464,0.044499,0.148993,0.056896,0.123312,0.040039,0.164043,0.371817,0.474247,0.153936,9.848608,0.46906,0.08084,0.370016,0.495215,0.134769
16,2021020175,Derek King,2021,2021,70,109.72387,0.033208,0.158521,0.062657,0.113409,0.044855,0.176781,0.326121,0.515567,0.158311,10.056206,0.541063,0.185926,0.330144,0.547847,0.12201
16,2022020008,Luke Richardson,2022,2024,190,114.157778,0.059072,0.125527,0.050633,0.119462,0.057601,0.142152,0.339231,0.500309,0.160461,6.991716,0.397354,0.08887,0.389286,0.515179,0.095536
16,2024020427,Anders Sorensen,2024,2024,56,110.504083,0.06701,0.097938,0.043814,0.12457,0.068268,0.095449,0.325537,0.521492,0.152971,8.973818,0.543045,0.070644,0.395894,0.486804,0.117302
16,2025020001,Jeff Blashill,2025,2025,82,110.569345,0.048087,0.140984,0.04918,0.115301,0.036225,0.141324,0.355546,0.465564,0.178891,8.644606,0.538002,0.102528,0.483539,0.438272,0.078189
17,2010020009,Mike Babcock,2010,2014,376,104.257943,0.055247,0.152039,0.035345,0.122458,0.056,0.153455,0.324727,0.497939,0.177333,7.234669,0.445847,0.060542,0.352478,0.458301,0.189221
17,2015020014,Jeff Blashill,2015,2021,537,106.844055,0.038943,0.150393,0.037659,0.114823,0.042039,0.16109,0.338621,0.489761,0.171618,6.935372,0.375938,0.075731,0.356938,0.483085,0.159977
17,2022020022,Derek Lalonde,2022,2024,198,114.083852,0.056219,0.133521,0.04193,0.114547,0.054011,0.135226,0.33062,0.500794,0.168586,7.332886,0.479855,0.049054,0.362529,0.543793,0.093679
17,2024020559,Todd McLellan,2024,2025,130,116.434267,0.055643,0.12583,0.044262,0.111603,0.056293,0.113536,0.351044,0.489247,0.159709,9.524354,0.525127,0.051191,0.33812,0.586162,0.075718
18,2010020020,Barry Trotz,2010,2013,294,104.631419,0.049639,0.155199,0.039585,0.110587,0.0451,0.147152,0.318445,0.522694,0.158861,7.907475,0.446088,0.078111,0.35317,0.455506,0.191324
18,2014020012,Peter Laviolette,2014,2019,451,113.990603,0.04335,0.162542,0.043855,0.111785,0.046082,0.147719,0.316961,0.508462,0.174577,7.924865,0.428749,0.143536,0.334513,0.489558,0.175929
18,2019020671,John Hynes,2019,2022,248,113.805024,0.044036,0.170913,0.047579,0.117766,0.050334,0.15149,0.342238,0.512787,0.144975,7.530393,0.458015,0.101943,0.342873,0.586393,0.070734
18,2023020001,Andrew Brunette,2023,2025,245,117.572046,0.059184,0.122347,0.053216,0.116214,0.059795,0.120086,0.314503,0.535183,0.150314,10.176754,0.462268,0.104228,0.427091,0.474775,0.098134
19,2010020019,Davis Payne,2010,2011,95,107.777337,0.044758,0.165354,0.035226,0.099047,0.047144,0.160925,0.37534,0.499547,0.125113,6.610693,0.511653,0.08724,0.370748,0.520408,0.108844
19,2011020208,Ken Hitchcock,2011,2016,413,105.532855,0.043932,0.159924,0.033297,0.104662,0.050866,0.142227,0.33885,0.535364,0.125786,6.81101,0.434372,0.0761,0.345964,0.491853,0.162183
19,2016020761,Mike Yeo,2016,2018,133,111.593852,0.039358,0.157735,0.03845,0.112322,0.046159,0.148593,0.330066,0.510907,0.159026,8.019885,0.460164,0.112215,0.348203,0.527881,0.123916
19,2018020326,Craig Berube,2018,2023,382,107.728242,0.043164,0.144424,0.052147,0.108026,0.045749,0.149973,0.356775,0.49446,0.148766,8.257433,0.433501,0.086668,0.377768,0.506296,0.115936
19,2023020451,Drew Bannister,2023,2024,76,115.051083,0.061763,0.11735,0.036496,0.124649,0.065714,0.117619,0.32619,0.52381,0.15,7.281119,0.535971,0.092126,0.408207,0.507559,0.084233
19,2024020337,Jim Montgomery,2024,2025,142,108.02288,0.06418,0.116263,0.051075,0.108871,0.055881,0.112998,0.312442,0.52084,0.166718,9.832583,0.488615,0.105394,0.371841,0.516245,0.111913
20,2010020005,Brent Sutter,2010,2011,164,108.253865,0.054239,0.159031,0.043444,0.114797,0.051978,0.153607,0.303853,0.517197,0.17895,8.733197,0.50539,0.045739,0.364214,0.437784,0.198002
20,2012020016,Bob Hartley,2012,2015,294,110.648063,0.056717,0.148187,0.039868,0.118399,0.055624,0.145141,0.330737,0.526035,0.143228,8.083368,0.420586,0.079995,0.373936,0.43222,0.193844
20,2016020003,Glen Gulutzan,2016,2017,164,115.184546,0.041779,0.165151,0.040305,0.128779,0.0518,0.137788,0.336441,0.501166,0.162393,8.854562,0.525784,0.090707,0.373504,0.486325,0.140171
20,2018020003,Bill Peters,2018,2019,109,114.033202,0.041933,0.156006,0.061478,0.117626,0.042109,0.158993,0.353404,0.482487,0.164109,12.109385,0.558553,0.048866,0.415797,0.47839,0.105812
20,2019020377,Geoff Ward,2019,2020,67,112.996921,0.039179,0.149876,0.071517,0.13495,0.0482,0.147041,0.328249,0.483221,0.18853,11.288546,0.566935,0.055555,0.406091,0.479695,0.114213
20,2020020383,Ryan Huska,2020,2020,2,106.55558,0.035088,0.210526,0.070175,0.140351,0.0,0.121951,0.170732,0.536585,0.292683,12.490869,0.573305,,0.230769,0.769231,0.0
20,2020020423,Darryl Sutter,2020,2022,194,113.937994,0.046134,0.150073,0.053793,0.12035,0.051378,0.147128,0.362681,0.489257,0.148062,9.409124,0.498264,0.053655,0.392794,0.5,0.107206
20,2023020007,Ryan Huska,2023,2025,245,120.518448,0.0692,0.123199,0.045764,0.125257,0.065487,0.122044,0.318009,0.534149,0.147842,9.616261,0.507418,0.104914,0.388114,0.51607,0.095816
21,2010020004,Joe Sacco,2010,2012,212,110.62675,0.058373,0.148002,0.035603,0.119644,0.049279,0.155629,0.342228,0.49961,0.158161,6.341287,0.48416,0.075933,0.351914,0.443251,0.204835
21,2013020006,Patrick Roy,2013,2015,246,110.674742,0.046832,0.145638,0.026263,0.117355,0.049358,0.164425,0.337714,0.489456,0.17283,5.631337,0.486544,0.066665,0.365529,0.461538,0.172932
21,2016020027,Jared Bednar,2016,2025,782,117.076099,0.049876,0.143071,0.03671,0.139405,0.049582,0.139324,0.332099,0.487408,0.180492,7.412433,0.378323,0.084707,0.372089,0.471074,0.156837
22,2010020005,Tom Renney,2010,2011,164,108.08407,0.051881,0.152609,0.055218,0.099515,0.041318,0.167103,0.373692,0.464697,0.161611,9.836366,0.479339,0.045209,0.4056,0.4192,0.1752
22,2012020018,Ralph Krueger,2012,2012,48,111.090111,0.040773,0.154506,0.0397,0.104077,0.058355,0.156499,0.384615,0.496021,0.119363,7.533505,0.550863,0.053218,0.377049,0.404372,0.218579
22,2013020003,Dallas Eakins,2013,2014,113,109.437626,0.050475,0.14409,0.042709,0.113028,0.042816,0.153846,0.341074,0.486212,0.172714,8.385624,0.539126,0.139594,0.37284,0.412346,0.214815
22,2014020463,Craig MacTavish,2014,2014,5,122.321516,0.033898,0.20339,0.042373,0.161017,0.063492,0.230159,0.388889,0.47619,0.134921,8.312958,0.583989,0.073682,0.413793,0.482759,0.103448
22,2014020543,Todd Nelson,2014,2014,46,111.534646,0.060495,0.142071,0.036664,0.151237,0.05416,0.150706,0.384615,0.460754,0.154631,7.623767,0.540671,0.114225,0.328502,0.458937,0.21256
22,2015020008,Todd McLellan,2015,2018,266,113.080049,0.044438,0.16955,0.04414,0.117954,0.040832,0.154203,0.357314,0.495513,0.147173,9.232418,0.442412,0.057293,0.386901,0.468163,0.144936
22,2018020317,Ken Hitchcock,2018,2018,62,109.842115,0.037429,0.168079,0.042373,0.116525,0.045543,0.163956,0.35784,0.469746,0.172414,9.888615,0.582574,0.084462,0.354571,0.509695,0.135734
22,2019020003,Dave Tippett,2019,2021,178,109.859942,0.044271,0.16541,0.05692,0.123571,0.045775,0.170423,0.337324,0.496948,0.165728,10.579435,0.494739,0.103472,0.336402,0.523013,0.140586
22,2021020812,Jay Woodcroft,2021,2023,126,114.547466,0.049608,0.159498,0.057457,0.11303,0.059168,0.156175,0.351909,0.513932,0.134159,9.751881,0.543818,0.041897,0.374868,0.523759,0.101373
22,2023020227,Kris Knoblauch,2023,2025,233,115.313865,0.05309,0.12075,0.03651,0.117736,0.058958,0.120198,0.327691,0.531951,0.140358,9.634306,0.488538,0.086212,0.373684,0.533835,0.092481
23,2010020023,Alain Vigneault,2010,2012,212,109.489955,0.067501,0.160789,0.036974,0.139742,0.067545,0.157884,0.363028,0.474279,0.162693,7.531507,0.528566,0.132834,0.413748,0.395902,0.19035
23,2013020014,John Tortorella,2013,2013,82,112.481138,0.068462,0.150616,0.04199,0.129621,0.060069,0.162482,0.341211,0.497784,0.161004,7.636696,0.540343,0.075458,0.361004,0.444015,0.194981
23,2014020003,Willie Desjardins,2014,2016,246,106.340622,0.065844,0.134295,0.040479,0.124566,0.059146,0.154553,0.348106,0.488799,0.163094,7.290311,0.451334,0.057185,0.36221,0.473321,0.16447
23,2017020028,Travis Green,2017,2021,314,113.705996,0.04596,0.154479,0.044451,0.141172,0.043067,0.154106,0.342846,0.490466,0.166688,7.831803,0.398449,0.136251,0.348039,0.512255,0.139706
23,2021020386,Bruce Boudreau,2021,2022,103,112.599008,0.04473,0.148361,0.048273,0.118246,0.047523,0.152638,0.363673,0.466371,0.169956,7.860881,0.492327,0.047352,0.362153,0.54323,0.094617
23,2022020765,Rick Tocchet,2022,2024,200,111.060661,0.058568,0.133379,0.041409,0.136124,0.056795,0.136128,0.323642,0.506649,0.169709,7.728233,0.464439,0.096537,0.390426,0.504114,0.10546
23,2025020019,Adam Foote,2025,2025,82,112.496673,0.047006,0.130946,0.043089,0.121992,0.044361,0.133082,0.335064,0.507787,0.15715,8.742137,0.48843,0.086827,0.398747,0.494781,0.106472
24,2010020009,Randy Carlyle,2010,2011,106,107.626464,0.036389,0.162598,0.031783,0.092584,0.046201,0.176403,0.356625,0.516609,0.126766,6.473282,0.584192,0.074807,0.342572,0.531042,0.126386
24,2011020371,Bruce Boudreau,2011,2015,352,108.389558,0.045976,0.175782,0.036661,0.083592,0.050868,0.164144,0.332506,0.531266,0.136228,7.38297,0.419994,0.051203,0.37305,0.491768,0.135182
24,2016020013,Randy Carlyle,2016,2018,220,114.021818,0.046643,0.166819,0.041156,0.082495,0.043215,0.173207,0.354365,0.512014,0.133621,8.599269,0.498265,0.102911,0.389944,0.494972,0.115084
24,2018020876,Bob Murray,2018,2018,26,112.812754,0.040519,0.162075,0.053485,0.089141,0.037795,0.185827,0.36378,0.466142,0.170079,10.124625,0.509483,0.083286,0.366337,0.509901,0.123762
24,2019020012,Dallas Eakins,2019,2022,291,112.585295,0.042392,0.152164,0.053845,0.105905,0.045089,0.167199,0.372078,0.482309,0.145612,7.45981,0.39502,0.086044,0.388889,0.512232,0.098879
24,2023020031,Greg Cronin,2023,2024,164,120.922478,0.065631,0.113849,0.038307,0.111706,0.068124,0.124051,0.325201,0.493211,0.181588,7.43169,0.511528,0.079248,0.375646,0.499631,0.124723
24,2025020021,Joel Quenneville,2025,2025,82,122.824044,0.047174,0.137072,0.052514,0.111259,0.041627,0.128666,0.375118,0.502838,0.122044,10.713875,0.518981,0.082347,0.42246,0.456328,0.121212
25,2010020007,Marc Crawford,2010,2010,82,106.780281,0.05744,0.160832,0.036652,0.112144,0.051655,0.175025,0.311936,0.52658,0.161484,7.802934,0.568131,0.090505,0.347386,0.478921,0.173693
25,2011020008,Glen Gulutzan,2011,2012,130,112.820138,0.048843,0.157776,0.029242,0.13464,0.053433,0.164026,0.318422,0.514445,0.167133,6.779513,0.481046,0.071572,0.353938,0.467597,0.178465
25,2013020012,Lindy Ruff,2013,2016,328,116.813439,0.047625,0.159059,0.037844,0.097811,0.050176,0.159457,0.347711,0.487173,0.165116,7.660309,0.458466,0.060155,0.351018,0.47513,0.173851
25,2017020015,Ken Hitchcock,2017,2017,82,113.955421,0.043939,0.156566,0.038384,0.111616,0.045117,0.159766,0.326964,0.511146,0.16189,7.606302,0.569968,0.07716,0.340171,0.512821,0.147009
25,2018020012,Jim Montgomery,2018,2019,113,112.81537,0.041512,0.156412,0.047072,0.098962,0.040111,0.15491,0.311549,0.504149,0.184302,9.510955,0.532608,0.093217,0.335427,0.536432,0.128141
25,2019020478,Rick Bowness,2019,2021,176,108.423928,0.048173,0.160577,0.043984,0.104957,0.043134,0.167745,0.320872,0.503714,0.175413,8.003749,0.490267,0.100249,0.296693,0.56323,0.140078
25,2022020016,Peter DeBoer,2022,2024,245,119.259192,0.062095,0.129338,0.040179,0.112735,0.058693,0.131337,0.312181,0.512759,0.17506,7.841897,0.484674,0.079283,0.385659,0.473514,0.140827
25,2025020017,Glen Gulutzan,2025,2025,82,105.497786,0.050028,0.120067,0.047248,0.107282,0.035447,0.128308,0.340989,0.490764,0.168248,9.711316,0.536424,0.084706,0.418605,0.436047,0.145349
26,2010020023,Terry Murray,2010,2011,111,108.240518,0.044101,0.173098,0.042631,0.124219,0.043155,0.158854,0.311756,0.528274,0.15997,7.998627,0.517576,0.040491,0.357995,0.448687,0.193317
26,2011020436,John Stevens,2011,2011,4,127.57177,0.056604,0.207547,0.018868,0.103774,0.030303,0.106061,0.272727,0.651515,0.075758,8.249313,0.609092,0.08265,0.387097,0.387097,0.225806
26,2011020507,Darryl Sutter,2011,2016,425,109.068189,0.042516,0.168583,0.040425,0.128158,0.049924,0.174951,0.334018,0.500648,0.165334,8.575934,0.481519,0.05023,0.34078,0.451773,0.207447
26,2017020012,John Stevens,2017,2018,95,112.916062,0.038938,0.15,0.04115,0.118142,0.037879,0.175134,0.336453,0.504011,0.159537,8.530526,0.540341,0.073457,0.357895,0.478195,0.16391
26,2018020222,Willie Desjardins,2018,2018,69,111.894911,0.036535,0.143783,0.038892,0.153212,0.034828,0.16095,0.330871,0.473879,0.195251,8.421562,0.559751,0.067576,0.337995,0.531469,0.130536
26,2019020029,Todd McLellan,2019,2023,338,112.185584,0.047082,0.154397,0.040155,0.114712,0.047357,0.153072,0.359673,0.473571,0.166756,6.871222,0.446044,0.036487,0.324324,0.55749,0.118186
26,2023020816,Jim Hiller,2023,2025,176,115.176059,0.065824,0.107454,0.032694,0.139276,0.070423,0.106362,0.319573,0.508985,0.171442,8.065064,0.538538,0.068137,0.408602,0.473118,0.11828
26,2025020958,D.J. Smith,2025,2025,22,120.615526,0.033133,0.138554,0.046687,0.126506,0.056314,0.100683,0.324232,0.506826,0.168942,9.435516,0.592018,0.19853,0.447917,0.5,0.052083
27,2010020012,Dave Tippett,2010,2013,294,112.617976,0.049585,0.164691,0.025882,0.103801,0.043373,0.162177,0.346309,0.526805,0.126886,5.529264,0.455081,0.082387,0.368518,0.471317,0.160165
28,2010020006,Todd McLellan,2010,2014,376,115.254522,0.058059,0.16316,0.037713,0.118599,0.060903,0.152876,0.32444,0.498705,0.176855,8.583641,0.490702,0.045498,0.367929,0.45208,0.179991
28,2015020004,Peter DeBoer,2015,2019,361,113.806014,0.046589,0.17323,0.044652,0.155261,0.04439,0.150925,0.35894,0.473983,0.167078,9.023577,0.457373,0.049904,0.393953,0.450422,0.155625
28,2019020498,Bob Boughner,2019,2021,175,113.249211,0.053761,0.161524,0.038091,0.126085,0.046847,0.158559,0.353378,0.461036,0.185586,6.732704,0.416279,0.071713,0.406643,0.445242,0.148115
28,2022020001,David Quinn,2022,2023,164,119.66883,0.061999,0.136657,0.04495,0.108241,0.054773,0.147328,0.336016,0.507937,0.156047,6.76187,0.390433,0.063055,0.404344,0.47452,0.121136
28,2024020019,Ryan Warsofsky,2024,2025,164,117.204056,0.060017,0.112531,0.049458,0.120311,0.055517,0.108489,0.32755,0.503817,0.168633,9.468414,0.510648,0.071527,0.404057,0.496196,0.099746
29,2010020006,Scott Arniel,2010,2011,123,105.485544,0.0425,0.178571,0.034286,0.099286,0.04781,0.177737,0.317518,0.523358,0.159124,6.043631,0.524936,0.083982,0.328377,0.448575,0.223048
29,2011020625,Todd Richards,2011,2015,260,105.184755,0.04113,0.168813,0.032725,0.122854,0.045491,0.179721,0.312991,0.529393,0.157617,5.886386,0.414151,0.054147,0.314316,0.522067,0.163617
29,2015020096,John Tortorella,2015,2020,447,111.367145,0.040788,0.154943,0.031282,0.118303,0.043287,0.154272,0.334709,0.496268,0.169023,6.746207,0.431124,0.089068,0.354028,0.492338,0.153635
29,2021020013,Brad Larsen,2021,2022,164,116.839197,0.046575,0.144056,0.041159,0.101273,0.044022,0.162187,0.352641,0.4905,0.156858,6.143141,0.44325,0.093597,0.363212,0.539683,0.097106
29,2023020011,Pascal Vincent,2023,2023,82,124.437798,0.04249,0.141304,0.033597,0.107213,0.050802,0.140374,0.312389,0.543672,0.143939,5.51185,0.485483,0.082129,0.318482,0.590759,0.090759
29,2024020018,Dean Evason,2024,2025,127,122.546305,0.063616,0.112191,0.049201,0.097775,0.058949,0.113643,0.313582,0.513826,0.172592,10.125276,0.505915,0.102583,0.397837,0.485577,0.116587
29,2025020728,Rick Bowness,2025,2025,37,115.625908,0.037832,0.148262,0.051125,0.108384,0.048729,0.126059,0.337924,0.465042,0.197034,10.65454,0.537552,0.098304,0.448133,0.435685,0.116183
30,2010020003,Todd Richards,2010,2010,82,105.670762,0.043069,0.152759,0.031629,0.117093,0.04717,0.168763,0.307128,0.518344,0.174528,5.655205,0.525368,0.075139,0.355848,0.438221,0.205931
30,2011020016,Mike Yeo,2011,2015,349,105.612625,0.04205,0.146544,0.033992,0.12917,0.04325,0.146312,0.293221,0.511617,0.195163,6.526539,0.4141,0.109229,0.348981,0.433855,0.217165
30,2015020846,John Torchetti,2015,2015,27,104.929971,0.048527,0.103986,0.034662,0.155979,0.047619,0.137931,0.298851,0.502463,0.198686,6.258168,0.552598,0.09428,0.382353,0.426471,0.191176
30,2016020011,Bruce Boudreau,2016,2019,303,111.68268,0.041738,0.144826,0.037631,0.12177,0.037699,0.137134,0.296598,0.478655,0.224747,6.722126,0.465871,0.08533,0.309174,0.473898,0.216929
30,2019020899,Dean Evason,2019,2023,251,112.557543,0.052385,0.161172,0.039498,0.121339,0.051085,0.136853,0.316248,0.498719,0.185033,6.322522,0.479758,0.094387,0.333527,0.512224,0.154249
30,2023020330,John Hynes,2023,2025,227,117.317596,0.05873,0.124024,0.041519,0.129524,0.05221,0.122675,0.296707,0.520389,0.182904,8.820202,0.497182,0.087185,0.380707,0.505466,0.113826
52,2011020023,Claude Noel,2011,2013,177,114.021796,0.048056,0.170599,0.042595,0.124727,0.048696,0.159348,0.333043,0.488261,0.178696,8.463878,0.513268,0.071139,0.390393,0.420961,0.188646
52,2013020694,Paul Maurice,2013,2021,600,110.36547,0.04249,0.153547,0.059736,0.132823,0.043532,0.151915,0.342067,0.482635,0.175297,11.29668,0.460923,0.072791,0.356808,0.470188,0.173005
52,2021020469,Dave Lowry,2021,2021,54,111.741847,0.047585,0.132812,0.06108,0.129972,0.044325,0.152451,0.404298,0.426461,0.169241,10.560188,0.543401,0.087663,0.422764,0.425474,0.151762
52,2022020023,Rick Bowness,2022,2023,164,115.403924,0.046574,0.15289,0.060229,0.12119,0.053775,0.155895,0.338418,0.490176,0.171406,9.591246,0.483991,0.099135,0.419764,0.44515,0.135086
52,2024020008,Scott Arniel,2024,2025,164,113.612244,0.048128,0.113827,0.049147,0.144894,0.055683,0.132977,0.325706,0.499873,0.174422,9.699428,0.540365,0.132059,0.4,0.510995,0.089005
53,2014020016,Dave Tippett,2014,2016,246,113.311934,0.050092,0.155046,0.033945,0.115963,0.043056,0.172222,0.328858,0.53179,0.139352,6.06544,0.391032,0.097332,0.341814,0.512168,0.146018
53,2017020011,Rick Tocchet,2017,2020,290,114.257663,0.043955,0.157281,0.041286,0.115855,0.036168,0.160923,0.33377,0.500197,0.166033,7.571108,0.413625,0.102384,0.344514,0.525298,0.130188
53,2021020013,André Tourigny,2021,2023,246,112.206197,0.054065,0.151497,0.036562,0.100739,0.052069,0.151958,0.345603,0.487966,0.166431,6.493323,0.448515,0.057194,0.377395,0.511973,0.110632
54,2017020015,Gerard Gallant,2017,2019,213,116.217255,0.046741,0.163324,0.04889,0.107092,0.044622,0.16753,0.334462,0.51992,0.145618,10.083339,0.47605,0.049662,0.328798,0.534392,0.13681
54,2019020734,Peter DeBoer,2019,2021,160,115.289562,0.048716,0.159107,0.038877,0.134869,0.050647,0.156835,0.372662,0.472806,0.154532,7.603437,0.471344,0.066666,0.371462,0.487028,0.141509
54,2022020004,Bruce Cassidy,2022,2025,319,117.104061,0.056379,0.132319,0.041038,0.13168,0.060684,0.140782,0.299949,0.543456,0.156596,8.170008,0.417598,0.099345,0.345423,0.53886,0.115717
54,2025021175,John Tortorella,2025,2025,8,113.369963,0.037313,0.175373,0.044776,0.119403,0.020833,0.125,0.286458,0.546875,0.166667,9.164819,0.562488,0.118694,0.483871,0.483871,0.032258
55,2021020002,Dave Hakstol,2021,2023,246,112.415846,0.052161,0.154625,0.04237,0.124916,0.048933,0.154607,0.332639,0.508589,0.158771,7.73511,0.474609,0.089443,0.353135,0.50429,0.142574
55,2024020003,Dan Bylsma,2024,2024,82,120.221593,0.064149,0.103466,0.045008,0.141231,0.060419,0.125595,0.307802,0.518078,0.17412,9.67126,0.530541,0.049597,0.381139,0.481336,0.137525
55,2025020021,Lane Lambert,2025,2025,82,115.204968,0.039957,0.13479,0.053809,0.117208,0.047909,0.138502,0.323606,0.519164,0.15723,9.51319,0.509168,0.135932,0.398374,0.502033,0.099593
59,2024020005,André Tourigny,2024,2024,82,120.215813,0.062066,0.116753,0.038194,0.126736,0.063285,0.109493,0.305876,0.526871,0.167253,10.418877,0.523453,0.062156,0.409006,0.487805,0.103189
68,2025020018,André Tourigny,2025,2025,82,114.647009,0.048839,0.133462,0.045938,0.114603,0.052231,0.147987,0.340044,0.483134,0.176823,9.72741,0.537937,0.069616,0.430088,0.421239,0.148673
